City_ID,City,Lat,Lng,Max Temp,Humidity,Cloudiness,Wind Speed,Country,Date
0,jamestown,42.097,-79.2353,-5.199999999999989,73,100,4.63,US,Jamestown
1,mar del plata,-38.0023,-57.5575,19.910000000000025,59,0,6.69,AR,Mar del Plata
2,nar'yan-mar,67.6713,53.087,-7.519999999999982,94,100,5.61,RU,Naryan-Mar
3,hilo,19.7297,-155.09,25.610000000000014,78,33,0.45,US,Hilo
4,recreio,-21.525,-42.4692,24.700000000000045,81,63,1.3,BR,Recreio
5,shingu,33.7333,135.9833,3.1299999999999955,47,10,5.7,JP,Shingū
6,nuuk,64.1835,-51.7216,-12.659999999999968,61,71,7.72,GL,Nuuk
7,edinburgh of the seven seas,-37.0676,-12.3116,16.08000000000004,74,11,6.25,SH,Edinburgh of the Seven Seas
8,atafu village,-8.5421,-172.5159,28.670000000000016,67,49,6.42,TK,Atafu Village
9,dhidhdhoo,6.8833,73.1,27.24000000000001,73,4,2.4,MV,Dhidhdhoo
10,bredasdorp,-34.5322,20.0403,18.730000000000018,77,18,2.81,ZA,Bredasdorp
11,ushuaia,-54.8,-68.3,10.810000000000002,66,75,7.72,AR,Ushuaia
12,utrik,11.2278,169.8474,26.610000000000014,80,98,9.59,MH,Utrik
13,usinsk,65.9939,57.5281,-9.159999999999968,91,100,7.61,RU,Usinsk
14,ilulissat,69.2167,-51.1,-18.98999999999998,65,100,4.12,GL,Ilulissat
15,anadyr,64.75,177.4833,-29.71999999999997,67,2,10.0,RU,Anadyr
16,along,28.1667,94.7667,9.860000000000014,75,64,0.46,IN,Along
17,kone,-21.0595,164.8658,25.180000000000007,94,100,2.01,NC,Koné
18,douentza,14.9951,-2.9517,20.700000000000045,12,100,2.29,ML,Douentza
19,waitangi,-43.9535,-176.5597,15.460000000000036,75,79,4.02,NZ,Waitangi
20,zinder,13.8072,8.9881,19.77000000000004,9,0,4.49,NE,Zinder
21,ust'-ordynskiy,52.805,104.7508,-16.579999999999984,85,99,8.1,RU,Ust'-Ordynskiy
22,olonkinbyen,70.9221,-8.7187,-1.7199999999999704,80,49,9.26,SJ,Olonkinbyen
23,vorgashor,67.5833,63.95,-16.579999999999984,93,91,3.19,RU,Vorgashor
24,whitehorse,60.7161,-135.0538,-15.569999999999993,84,75,2.06,CA,Whitehorse
25,karamay,45.6004,84.8661,-14.70999999999998,94,15,0.08,CN,Karamay
26,codrington,-38.2667,141.9667,18.260000000000048,50,15,8.21,AU,Codrington
27,fortuna,40.5982,-124.1573,4.080000000000041,96,100,0.45,US,Fortuna
28,vilyuchinsk,52.9306,158.4028,-3.849999999999966,83,95,2.3,RU,Vilyuchinsk
29,blackmans bay,-43.0167,147.3167,18.07000000000005,49,13,2.61,AU,Blackmans Bay
30,crane,31.3974,-102.3501,24.160000000000025,45,20,8.54,US,Crane
31,amga,60.8953,131.9608,-42.79999999999998,100,81,0.7,RU,Amga
32,grytviken,-54.2811,-36.5092,3.5200000000000387,84,44,9.41,GS,Grytviken
33,port-aux-francais,-49.35,70.2167,5.9500000000000455,99,100,7.81,TF,Port-aux-Français
34,port mathurin,-19.6833,63.4167,26.99000000000001,80,3,3.61,MU,Port Mathurin
35,tazovsky,67.4667,78.7,-28.059999999999974,100,100,2.27,RU,Tazovsky
36,adamstown,-25.066,-130.1015,25.03000000000003,78,8,5.23,PN,Adamstown
37,puerto natales,-51.7236,-72.4875,7.310000000000002,88,97,2.15,CL,Puerto Natales
38,hawaiian paradise park,19.5933,-154.9731,25.730000000000018,68,0,4.63,US,Hawaiian Paradise Park
39,ewing,40.2698,-74.7999,3.8100000000000023,46,0,5.66,US,Ewing
40,thompson,55.7435,-97.8558,-19.909999999999968,71,20,7.2,CA,Thompson
41,binzhou,37.3667,118.0167,-7.71999999999997,31,32,3.0,CN,Binzhou
42,sabang,5.8933,95.3214,27.680000000000007,76,100,9.54,ID,Sabang
43,kodiak,57.79,-152.4072,2.730000000000018,70,0,2.06,US,Saint Paul Harbor
44,tamanrasset,22.785,5.5228,13.950000000000045,17,0,1.54,DZ,Tamanghasset
45,wailua homesteads,22.0669,-159.378,23.439999999999998,54,0,8.23,US,Wailua Homesteads
46,badger,64.8,-147.5333,-10.899999999999977,87,100,0.0,US,Badger
47,albany,42.6001,-73.9662,-2.9799999999999613,74,72,5.23,US,Albany
48,new shagunnu,10.3396,4.4688,26.99000000000001,27,13,3.15,NG,New Shagunnu
49,puerto deseado,-47.7503,-65.8938,14.480000000000018,56,29,9.54,AR,Puerto Deseado
50,poxoreo,-15.8372,-54.3892,22.110000000000014,95,89,2.08,BR,Poxoréo
51,papatowai,-46.5619,169.4708,18.960000000000036,51,72,2.8,NZ,Papatowai
52,iskateley,67.6803,53.1512,-7.4599999999999795,94,100,5.58,RU,Iskateley
53,stephenville,32.2207,-98.2023,14.520000000000039,60,100,3.6,US,Stephenville
54,mugia,43.1041,-9.2179,11.060000000000002,78,100,2.86,ES,Mugia
55,orkney,-26.9802,26.6727,21.710000000000036,58,39,1.43,ZA,Orkney
56,bethel,41.3712,-73.414,0.3100000000000023,54,16,3.13,US,Bethel
57,minas de marcona,-15.2119,-75.1103,17.900000000000034,85,72,3.25,PE,Minas de Marcona
58,lamu,-2.2717,40.902,23.75,91,83,5.37,KE,Lamu
59,banda aceh,5.5577,95.3222,23.920000000000016,83,100,5.02,ID,Banda Aceh
60,sao sepe,-30.1606,-53.5653,31.74000000000001,36,34,5.31,BR,São Sepé
61,ust'-ilimsk,58.0006,102.6619,-22.819999999999965,83,86,4.36,RU,Ust'-Ilimsk
62,iqaluit,63.7506,-68.5145,-29.149999999999977,63,20,1.03,CA,Iqaluit
63,lompoc,34.6391,-120.4579,13.620000000000005,93,100,7.72,US,Lompoc
64,awjilah,29.1081,21.2869,12.680000000000007,63,59,5.25,LY,Awjilah
65,gorontalo,0.5412,123.0595,24.77000000000004,95,100,1.25,ID,Gorontalo
66,lihue,21.9789,-159.3672,23.77000000000004,50,0,8.23,US,Lihue
67,hami,42.8,93.45,-7.039999999999964,46,0,1.6,CN,Kumul
68,port elizabeth,-33.918,25.5701,22.400000000000034,93,99,3.13,ZA,Port Elizabeth
69,margaret river,-33.95,115.0667,20.02000000000004,59,1,2.4,AU,Margaret River
70,lukow,51.929,22.3796,0.040000000000020464,80,88,2.4,PL,Łuków
71,uturoa,-16.7333,-151.4333,28.140000000000043,69,40,4.12,PF,Uturoa
72,dazhou,31.2159,107.5009,7.28000000000003,75,100,2.53,CN,Dazhou
73,guichon,-32.35,-57.2,29.950000000000045,46,7,8.02,UY,Guichon
74,mhamid,29.82,-5.72,12.180000000000007,29,0,4.18,MA,Mhamid
75,nizhniy ingash,56.2,96.53,-16.579999999999984,92,100,4.56,RU,Nizhniy Ingash
76,ibirama,-27.0569,-49.5178,24.620000000000005,99,83,0.73,BR,Ibirama
77,talnakh,69.4865,88.3972,-22.919999999999987,97,99,2.99,RU,Talnakh
78,ulsteinvik,62.3432,5.8487,6.28000000000003,90,100,0.89,NO,Ulsteinvik
79,puerto ayacucho,5.6639,-67.6236,30.55000000000001,46,87,3.71,VE,Puerto Ayacucho
80,mount pearl,47.5166,-52.7813,-2.1399999999999864,84,20,13.38,CA,Mount Pearl
81,haiku-pauwela,20.9219,-156.3051,24.590000000000032,69,20,6.69,US,Haiku-Pauwela
82,puerto aysen,-45.4,-72.7,11.080000000000041,86,12,1.63,CL,Puerto Aisén
83,qaqortoq,60.7167,-46.0333,-19.129999999999967,65,86,5.25,GL,Qaqortoq
84,cole harbour,44.6724,-63.4751,-3.92999999999995,75,71,4.93,CA,Cole Harbour
85,port lincoln,-34.7333,135.8667,19.189999999999998,63,20,7.76,AU,Port Lincoln
86,berezovo,63.9381,65.0419,-22.46999999999997,100,96,0.78,RU,Beryozovo
87,hermanus,-34.4187,19.2345,19.75,74,56,2.87,ZA,Hermanus
88,tatarsk,55.219,75.9828,-6.2099999999999795,97,98,1.99,RU,Tatarsk
89,metu,8.3,35.5833,18.010000000000048,60,46,1.02,ET,Metu
90,klyuchi,52.2667,79.1667,-9.92999999999995,98,87,2.95,RU,Klyuchi
91,muravlenko,63.7898,74.523,-19.339999999999975,100,100,3.35,RU,Muravlenko
92,kununurra,-15.7667,128.7333,29.99000000000001,66,95,2.57,AU,Kununurra
93,luderitz,-26.6481,15.1594,16.660000000000025,84,63,11.01,NA,Lüderitz
94,timbiqui,2.7717,-77.6654,26.200000000000045,85,30,5.59,CO,Timbiquí
95,sukumo,32.9333,132.7333,2.910000000000025,57,74,6.69,JP,Sukumo
96,tepecoacuilco de trujano,18.3,-99.4833,32.55000000000001,32,1,1.97,MX,Tepecoacuilco de Trujano
97,prainha,-1.8,-53.48,23.100000000000023,88,99,1.03,BR,Prainha
98,ketchikan,55.3422,-131.6461,1.2600000000000477,18,0,0.0,US,Ketchikan
99,ciudad bolivar,8.1222,-63.5497,29.180000000000007,55,100,6.15,VE,Ciudad Bolivar
100,yellowknife,62.456,-114.3525,-11.439999999999998,92,75,4.63,CA,Yellowknife
101,udachny,66.4167,112.4,-34.099999999999966,93,99,2.43,RU,Udachny
102,yung shue wan,22.2333,114.1167,14.230000000000018,76,48,0.45,HK,Yung Shue Wan
103,xiongzhou,25.1167,114.3,6.850000000000023,63,2,0.93,CN,Xiongzhou
104,westport,41.1415,-73.3579,1.8700000000000045,48,0,6.69,US,Westport
105,afaahiti,-17.75,-149.2833,27.28000000000003,69,12,0.98,PF,Afaahiti
106,puerto ayora,-0.7393,-90.3518,24.75,98,60,1.79,EC,Puerto Ayora
107,hacibektas,38.9408,34.5577,-2.2299999999999613,86,100,3.09,TR,Hacıbektaş
108,nova vicosa,-17.8919,-39.3719,25.05000000000001,85,0,4.16,BR,Nova Viçosa
109,naxos,37.1056,25.3764,10.720000000000027,32,56,14.31,GR,Naxos
110,san patricio,28.017,-97.5169,23.970000000000027,86,93,4.57,US,San Patricio
111,coruripe,-10.1256,-36.1756,26.010000000000048,72,2,4.81,BR,Coruripe
112,raduzhny,62.0961,77.475,-23.269999999999982,100,95,1.45,RU,Raduzhny
113,ribeira grande,38.5167,-28.7,17.650000000000034,96,100,9.83,PT,Ribeira Grande
114,bilibino,68.0546,166.4372,-38.41999999999999,99,54,0.73,RU,Bilibino
115,shimoda,34.6667,138.95,3.7800000000000296,60,0,12.88,JP,Shimoda
116,portland,45.5234,-122.6762,6.660000000000025,71,0,2.57,US,Portland
117,floro,61.5996,5.0328,5.980000000000018,93,100,3.6,NO,Florø
118,yingshang chengguanzhen,32.6295,116.2701,1.4800000000000182,53,52,5.23,CN,Yingshang Chengguanzhen
119,saldanha,-33.0117,17.9442,18.350000000000023,88,6,4.45,ZA,Saldanha
120,isafjordur,66.0755,-23.124,-2.4499999999999886,70,73,9.62,IS,Isafjordur
121,carnarvon,-24.8667,113.6333,27.060000000000002,75,60,2.58,AU,Carnarvon
122,smithers,54.7804,-127.1743,-13.819999999999993,51,0,0.0,CA,Smithers
123,constantia,44.1833,28.65,-0.6200000000000045,68,10,4.92,RO,Constanța
124,selfoss,63.9331,-20.9971,-0.5299999999999727,62,93,14.47,IS,Selfoss
125,aktau,43.65,51.2,-2.67999999999995,64,56,4.28,KZ,Aktau
126,rongelap,11.1635,166.8941,26.55000000000001,80,99,8.76,MH,Rongelap
127,alotau,-10.3069,150.4462,28.980000000000018,76,100,3.63,PG,Alotau
128,san antonio de pale,-1.4014,5.6325,27.379999999999995,81,17,4.11,GQ,San Antonio de Palé
129,piacabucu,-10.4056,-36.4344,26.53000000000003,71,7,4.61,BR,Piaçabuçu
130,ulladulla,-35.35,150.4667,22.980000000000018,77,66,5.7,AU,Ulladulla
131,fort bragg,35.139,-79.006,19.33000000000004,62,0,3.33,US,Fort Bragg
132,akobo,7.4344,3.9497,27.05000000000001,63,32,1.58,NG,Akobo
133,nova sintra,14.8667,-24.7167,21.620000000000005,70,88,8.72,CV,Nova Sintra
134,saipan,15.1355,145.701,29.390000000000043,76,20,6.17,MP,Saipan
135,kez,57.8979,53.7152,-7.71999999999997,96,100,2.87,RU,Kez
136,turpan,42.9333,89.1667,-3.3700000000000045,45,2,0.58,CN,Turpan
137,chetwayi,10.5333,76.05,22.810000000000002,88,9,2.89,IN,Chetwayi
138,broome,42.2506,-75.833,-3.519999999999982,76,100,7.2,US,Broome
139,lebu,-37.6167,-73.65,15.770000000000039,79,19,0.37,CL,Lebu
140,queenstown,-31.8976,26.8753,25.29000000000002,42,95,2.73,ZA,Queenstown
141,port alfred,-33.5906,26.891,22.879999999999995,95,82,1.34,ZA,Port Alfred
142,dudinka,69.4058,86.1778,-29.809999999999974,95,90,0.96,RU,Dudinka
143,georgetown,5.4112,100.3354,26.960000000000036,72,20,3.09,MY,George Town
144,rio grande,-32.035,-52.0986,24.860000000000014,90,1,6.12,BR,Rio Grande
145,skovorodino,53.9833,123.9167,-34.39999999999998,100,41,1.52,RU,Skovorodino
146,hassi messaoud,31.6804,6.0729,6.920000000000016,53,0,1.03,DZ,Hassi Messaoud
147,colonia,50.9333,6.95,-0.5299999999999727,87,18,1.54,DE,Cologne
148,mahajanga,-15.7167,46.3167,23.010000000000048,100,40,2.06,MG,Mahajanga
149,st. john's,47.5649,-52.7093,-1.67999999999995,81,20,13.38,CA,St. John's
150,kristiansund,63.1115,7.732,6.180000000000007,93,100,8.75,NO,Kristiansund
151,anna regina,7.2644,-58.5077,24.560000000000002,85,28,3.07,GY,Anna Regina
152,chibougamau,49.9168,-74.3659,-21.20999999999998,71,20,5.14,CA,Chibougamau
153,flying fish cove,-10.4217,105.6791,25.82000000000005,100,100,6.17,CX,Flying Fish Cove
154,marka,1.7159,44.7717,23.83000000000004,87,85,7.92,SO,Merca
155,geraldton,-28.7667,114.6,24.230000000000018,83,3,2.06,AU,Geraldton
156,tazacorte,28.629,-17.9293,17.54000000000002,76,75,5.14,ES,Tazacorte
157,obo,5.3998,26.4869,24.680000000000007,33,62,0.93,CF,Obo
158,amahai,-3.3333,128.9167,27.49000000000001,74,100,1.29,ID,Amahai
159,the bottom,17.6259,-63.2492,24.150000000000034,69,13,7.35,BQ,The Bottom
160,egilsstadir,65.2653,-14.3948,-4.339999999999975,92,51,4.53,IS,Egilsstadir
161,anta,25.15,76.3,13.53000000000003,39,0,3.57,IN,Anta
162,chos malal,-37.3781,-70.2709,22.30000000000001,22,82,4.83,AR,Chos Malal
163,mana,5.6592,-53.7767,25.30000000000001,85,100,3.76,GF,Mana
164,al jawf,29.5,38.75,13.53000000000003,20,61,4.19,SA,Al Jawf
165,novi grad,45.0458,16.3803,-0.8799999999999955,77,1,0.23,BA,Novi Grad
166,la passe,45.5549,-0.8967,7.0400000000000205,75,1,0.54,FR,La Passe
167,cill airne,52.05,-9.5167,5.07000000000005,82,25,3.46,IE,Killarney
168,stanley,54.868,-1.6985,4.180000000000007,80,10,4.12,GB,Stanley
169,rio gallegos,-51.6226,-69.2181,17.03000000000003,27,0,5.66,AR,Río Gallegos
170,ahfir,34.9537,-2.1003,10.340000000000032,84,11,0.46,MA,Ahfir
171,kerikeri,-35.2268,173.9474,24.33000000000004,52,7,3.05,NZ,Kerikeri
172,longyearbyen,78.2186,15.6401,-3.089999999999975,68,20,14.92,SJ,Longyearbyen
173,enewetak,11.3474,162.3373,26.75,71,97,8.67,MH,Enewetak
174,masindi,1.6744,31.715,22.390000000000043,33,74,0.57,UG,Masindi
175,adrar,20.5022,-10.0711,15.410000000000025,23,0,4.19,MR,Adrar
176,kailua-kona,19.6406,-155.9956,26.27000000000004,64,5,0.45,US,Kailua-Kona
177,port-cartier,50.0334,-66.8654,-12.71999999999997,70,31,6.05,CA,Port-Cartier
178,west island,-12.1568,96.8225,27.99000000000001,89,20,5.14,CC,West Island
179,vernon,50.2581,-119.2691,-9.579999999999984,59,99,6.26,CA,Vernon
180,tralee,52.2704,-9.7026,6.03000000000003,78,82,5.64,IE,Tralee
181,avarua,-21.2078,-159.775,29.03000000000003,79,92,5.14,CK,Avarua
182,lakota,5.8528,-5.6883,22.30000000000001,64,21,0.99,CI,Lakota
183,nemuro,43.3236,145.575,-0.3499999999999659,68,41,10.81,JP,Nemuro
184,cadale,2.7603,46.3222,23.810000000000002,87,96,8.71,SO,Cadale
185,qalat,32.1058,66.9083,0.28000000000002956,60,3,1.46,AF,Qalāt
186,quang ngai,15.1167,108.8,18.33000000000004,93,75,1.2,VN,Quang Ngai
187,necochea,-38.5473,-58.7368,17.120000000000005,54,0,6.7,AR,Necochea
188,cestos city,5.46,-9.5828,26.410000000000025,83,34,3.0,LR,River Cess
189,punta arenas,-53.15,-70.9167,11.060000000000002,66,0,11.32,CL,Punta Arenas
190,mildura,-34.2,142.15,24.480000000000018,61,0,5.68,AU,Mildura
191,vadso,70.0744,29.7487,-11.909999999999968,72,100,6.69,NO,Vadsø
192,ujae,8.9322,165.7642,27.160000000000025,81,76,10.65,MH,Ujae
193,castillos,-34.1667,-53.8333,23.470000000000027,93,88,3.43,UY,Castillos
194,miandrivazo,-19.5167,45.4667,25.600000000000023,89,100,2.74,MG,Miandrivazo
195,coquimbo,-29.9533,-71.3436,16.850000000000023,94,20,3.6,CL,Coquimbo
196,howrah,22.5892,88.3103,19.0,82,40,0.0,IN,Howrah
197,farafangana,-22.8167,47.8333,25.189999999999998,91,96,2.21,MG,Farafangana
198,trincomalee,8.5711,81.2335,27.110000000000014,68,70,5.4,LK,Trincomalee
199,oak island,33.9166,-78.1611,15.610000000000014,81,0,2.06,US,Oak Island
200,bamboo flat,11.7,92.7167,24.30000000000001,77,12,2.91,IN,Bamboo Flat
201,invercargill,-46.4,168.35,20.57000000000005,65,94,2.68,NZ,Invercargill
202,quesnel,52.9999,-122.5029,-15.71999999999997,66,0,1.03,CA,Quesnel
203,chui,-33.6971,-53.4616,24.390000000000043,92,61,3.78,UY,Chui
204,prince rupert,54.3161,-130.3201,-3.8799999999999955,42,0,4.2,CA,Prince Rupert
205,hasaki,35.7333,140.8333,4.939999999999998,40,0,5.4,JP,Hasaki
206,axim,4.8699,-2.2405,26.860000000000014,85,57,3.91,GH,Esim
207,padang,-0.9492,100.3543,25.03000000000003,78,98,2.2,ID,Padang
208,celestun,20.8667,-90.4,25.420000000000016,72,12,9.09,MX,Celestún
209,qui nhon,13.7667,109.2333,18.700000000000045,93,78,3.43,VN,Qui Nhon
210,jayapura,-2.5333,140.7,28.660000000000025,66,95,0.88,ID,Jayapura
211,angaur state,6.906,134.13,25.80000000000001,85,100,6.87,PW,Angaur State
212,tosontsengel,48.7567,98.2839,-27.99999999999997,99,100,2.18,MN,Tosontsengel
213,hegang,47.4,130.3667,-20.039999999999964,79,100,4.87,CN,Hegang
214,port saint john's,-31.6229,29.5448,26.07000000000005,86,73,0.92,ZA,Port Saint John's
215,boende,-0.2167,20.8667,24.610000000000014,70,100,1.57,CD,Boende
216,arta,39.1606,20.9853,11.5,70,83,2.97,GR,Arta
217,college,64.8569,-147.8028,-10.849999999999966,78,100,0.0,US,College
218,santa clara,22.4,-79.9667,21.04000000000002,88,98,4.16,CU,Santa Clara
219,tsiombe,-25.3,45.4833,23.82000000000005,74,74,5.84,MG,Tsiombe
220,champerico,14.3,-91.9167,28.090000000000032,70,0,3.9,GT,Champerico
221,fort stockton,30.894,-102.8793,27.03000000000003,27,0,9.26,US,Fort Stockton
222,kuanda,56.3161,116.0806,-26.94999999999999,95,100,0.6,RU,Kuanda
223,dwarka,22.2394,68.9678,19.53000000000003,55,0,4.67,IN,Dwārka
224,konarka,19.9,86.1167,24.410000000000025,88,100,3.33,IN,Konark
225,suamico,44.6319,-88.0393,-9.419999999999959,68,20,2.06,US,Suamico
226,kidal,18.4411,1.4078,23.210000000000036,25,100,3.07,ML,Kidal
227,prabumulih,-3.45,104.25,22.82000000000005,97,100,1.29,ID,Prabumulih
228,tiksi,71.6872,128.8694,-26.869999999999976,89,100,2.66,RU,Tiksi
229,fale old settlement,-9.3852,-171.2468,28.74000000000001,67,26,6.19,TK,Fale old settlement
230,rakovski,42.3,24.9667,-0.07999999999998408,77,100,1.08,BG,Rakovski
231,kargasok,59.0556,80.8572,-23.47999999999999,100,49,0.86,RU,Kargasok
232,pailon,-17.65,-62.75,27.80000000000001,65,100,3.62,BO,Pailón
233,kapa'a,22.0752,-159.319,24.180000000000007,55,0,8.23,US,Kapaa
234,settat,33.0007,-7.6204,6.860000000000014,86,1,4.07,MA,Settat
235,beaufort west,-32.3567,22.583,23.03000000000003,51,52,2.22,ZA,Beaufort West
236,east london,-33.0153,27.9116,25.210000000000036,92,91,3.57,ZA,East London
237,manismata,-2.4667,111.0333,25.27000000000004,87,85,1.7,ID,Manismata
238,puerto baquerizo moreno,-0.9,-89.6,24.660000000000025,84,25,4.08,EC,Puerto Baquerizo Moreno
239,kaspiyskiy,45.3929,47.3707,1.9800000000000182,97,100,8.09,RU,Lagan
240,nuku'alofa,-21.1333,-175.2,24.189999999999998,94,100,3.09,TO,Nuku'alofa
241,governador valadares,-18.8511,-41.9494,24.49000000000001,64,16,1.78,BR,Governador Valadares
242,ingeniero jacobacci,-41.3427,-69.5448,18.450000000000045,43,55,7.52,AR,Ingeniero Jacobacci
243,kapuskasing,49.4169,-82.4331,-22.399999999999977,100,98,1.49,CA,Kapuskasing
244,port blair,11.6667,92.75,24.960000000000036,77,12,3.1,IN,Port Blair
245,siran,40.1894,39.1267,-4.6299999999999955,94,100,1.78,TR,Şiran
246,lubango,-14.9172,13.4925,16.439999999999998,96,100,0.52,AO,Lubango
247,aasiaat,68.7098,-52.8699,-22.289999999999964,96,100,1.89,GL,Aasiaat
248,zaragoza,41.6561,-0.8773,8.580000000000041,59,0,5.14,ES,Zaragoza
249,alofi,-19.0595,-169.9187,26.939999999999998,89,100,2.57,NU,Alofi
250,kangding,30.0513,101.9603,2.4700000000000273,70,28,1.22,CN,Kangding
251,buka,40.8108,69.1986,2.590000000000032,54,80,0.92,UZ,Bo`ka
252,kantunilkin,21.0917,-87.45,23.850000000000023,73,61,1.82,MX,Kantunilkín
253,wotje,9.4543,170.2367,26.79000000000002,84,92,10.57,MH,Wotje
254,saint-pierre,-21.3393,55.4781,25.82000000000005,89,0,2.57,RE,Saint-Pierre
255,bel ombre,-4.6167,55.4167,26.379999999999995,79,35,4.91,SC,Bel Ombre
256,al fuwayliq,26.4432,43.2534,16.370000000000005,28,70,5.05,SA,Al Fuwayliq
257,putina,-15.4667,-69.4333,10.189999999999998,58,10,4.91,PE,Putina
258,ta`u,-14.2336,-169.5144,28.27000000000004,71,17,3.48,AS,Ta`ū
259,tandur,17.2333,77.5833,21.79000000000002,41,50,1.72,IN,Tandur
260,namibe,-15.1961,12.1522,23.710000000000036,83,99,2.03,AO,Mossamedes
261,palikir - national government center,6.9248,158.1611,28.470000000000027,75,100,5.14,FM,Palikir
262,ribeira brava,32.65,-17.0667,17.620000000000005,89,36,2.21,PT,Ribeira Brava
263,petropavlovsk-kamchatsky,53.0452,158.6483,-4.669999999999959,58,40,4.0,RU,Petropavlovsk-Kamchatskiy
264,soe,-9.8607,124.284,22.83000000000004,79,80,3.61,ID,Soe
265,callao,-12.0667,-77.15,27.07000000000005,73,75,5.14,PE,Callao
266,priargunsk,50.3691,119.1012,-31.789999999999964,98,100,1.62,RU,Priargunsk
267,yeppoon,-23.1333,150.7333,25.80000000000001,81,100,4.21,AU,Yeppoon
268,guelph,43.5501,-80.2497,-8.079999999999984,67,100,4.12,CA,Guelph
269,haapajarvi,63.75,25.3333,-9.95999999999998,92,99,6.08,FI,Haapajärvi
270,trairi,-3.2778,-39.2689,26.640000000000043,83,97,4.55,BR,Trairi
271,arraial do cabo,-22.9661,-42.0278,24.760000000000048,87,85,10.42,BR,Arraial do Cabo
272,bayganin,48.6947,55.8742,-10.419999999999959,85,97,5.79,KZ,Bayganin
273,clarksburg,39.2807,-80.3445,2.170000000000016,83,8,1.71,US,Clarksburg
274,letterkenny,54.95,-7.7333,3.660000000000025,84,53,4.13,IE,Letterkenny
275,tynda,55.1667,124.7167,-38.87999999999997,100,95,0.49,RU,Tynda
276,giannitsa,40.7919,22.4075,5.6299999999999955,87,40,0.65,GR,Giannitsá
277,molde,62.7375,7.1591,6.910000000000025,87,75,4.12,NO,Molde
278,general conesa,-40.1,-64.4333,22.710000000000036,36,49,8.53,AR,General Conesa
279,isla del bosque,22.7333,-105.85,23.28000000000003,45,0,4.47,MX,Isla del Bosque
280,lere,10.387,8.5726,19.810000000000002,15,29,2.2,NG,Lere
281,nishinoomote,30.7333,131.0,3.3100000000000023,93,75,5.66,JP,Nishinoomote
282,puerto colombia,10.9878,-74.9547,27.05000000000001,85,40,10.94,CO,Puerto Colombia
283,palangkaraya,-2.2,113.8333,25.150000000000034,91,100,1.25,ID,Palangkaraya
284,arteaga,18.4667,-102.4167,25.010000000000048,59,14,2.93,MX,Arteaga
285,mount gambier,-37.8333,140.7667,19.210000000000036,43,30,5.86,AU,Mount Gambier
286,ankang,32.68,109.0172,4.960000000000036,43,79,2.02,CN,Ankang
287,margate,51.3813,1.3862,7.050000000000011,89,99,5.78,GB,Margate
288,susuman,62.7833,148.1667,-43.49999999999997,97,70,0.74,RU,Susuman
289,guapiles,10.2159,-83.7866,21.75,98,100,1.57,CR,Guápiles
290,namanga,-2.5433,36.7905,17.840000000000032,72,99,2.12,KE,Namanga
291,mirnyy,62.5353,113.9611,-41.01999999999998,100,100,2.11,RU,Mirny
292,remire-montjoly,4.9167,-52.2667,25.02000000000004,94,100,1.03,GF,Rémire-Montjoly
293,val-d'or,48.1002,-77.7828,-17.94999999999999,65,75,4.12,CA,Val-d'Or
294,kawm umbu,24.4767,32.9463,18.25,34,100,6.24,EG,Kom Ombo
295,olinda,-8.0089,-34.8553,24.850000000000023,94,75,1.03,BR,Olinda
296,lianzhou,24.7811,112.3825,7.810000000000002,74,13,0.25,CN,Lianzhou
297,noumea,-22.2763,166.4572,28.350000000000023,99,89,6.51,NC,Noumea
298,staroyur'yevo,53.3161,40.7081,-1.0699999999999932,96,100,7.09,RU,Staroyur'yevo
299,san jose de jachal,-30.2406,-68.7469,28.810000000000002,34,0,3.84,AR,San José de Jáchal
300,melfort,52.8667,-104.6177,-24.269999999999982,95,72,1.68,CA,Melfort
301,moranbah,-22.0016,148.0466,24.379999999999995,82,100,6.33,AU,Moranbah
302,la'ie,21.6477,-157.9253,25.03000000000003,80,46,1.34,US,Lā‘ie
303,cidreira,-30.1811,-50.2056,25.460000000000036,90,0,5.44,BR,Cidreira
304,wynyard,-41.0,145.7167,17.33000000000004,64,100,2.24,AU,Wynyard
305,berdigestyakh,62.0989,126.6992,-38.619999999999976,99,37,1.85,RU,Berdigestyakh
306,ust-nera,64.5667,143.2,-40.91999999999999,95,51,0.93,RU,Ust-Nera
307,kargat,55.1956,80.2811,-11.129999999999995,98,100,2.3,RU,Kargat
308,hailar,49.2,119.7,-28.519999999999982,98,100,3.02,CN,Hailar
309,lozuvatka,48.0571,33.2858,-2.1399999999999864,79,30,3.41,UA,Lozuvatka
310,paradip garh,20.3167,86.6167,23.510000000000048,89,100,2.53,IN,Paradip
311,sur,22.5667,59.5289,18.370000000000005,61,0,0.74,OM,Sur
312,uruguaiana,-29.7547,-57.0883,34.960000000000036,43,0,2.06,BR,Uruguaiana
313,matehuala,23.65,-100.65,21.850000000000023,31,63,2.58,MX,Matehuala
314,newman,37.3138,-121.0208,18.360000000000014,67,100,5.36,US,Newman
315,ribas do rio pardo,-20.4431,-53.7592,23.33000000000004,87,99,1.91,BR,Ribas do Rio Pardo
316,timbuktu,16.7735,-3.0074,22.150000000000034,12,100,3.43,ML,Timbuktu
317,gadzhiyevo,69.2551,33.3362,-17.049999999999955,92,100,7.04,RU,Gadzhiyevo
318,chonchi,-42.6128,-73.8092,15.07000000000005,76,38,0.72,CL,Chonchi
319,arkalyk,50.2486,66.9114,-9.729999999999961,84,94,8.27,KZ,Arqalyk
320,labytnangi,66.6572,66.4183,-23.539999999999964,97,93,3.2,RU,Labytnangi
321,basoko,1.2391,23.616,24.79000000000002,60,100,1.25,CD,Basoko
322,lichinga,-13.3128,35.2406,17.410000000000025,98,100,0.64,MZ,Lichinga
323,shizilu,35.1711,118.8289,-4.079999999999984,32,88,5.7,CN,Shizilu
324,sitka,57.0531,-135.33,6.939999999999998,26,0,2.06,US,Sitka
325,zeya,53.75,127.2667,-28.359999999999985,93,26,2.71,RU,Zeya
326,kartuzy,54.3342,18.1974,-0.44999999999998863,91,0,2.57,PL,Kartuzy
327,pisco,-13.7,-76.2167,23.03000000000003,83,0,7.2,PE,Pisco
328,kimberley,-28.7323,24.7623,26.05000000000001,39,97,1.62,ZA,Kimberley
329,puerto escondido,15.85,-97.0667,29.460000000000036,70,40,2.57,MX,Puerto Escondido
330,marmara ereglisi,40.97,27.9553,4.050000000000011,65,75,5.14,TR,Erekli
331,paris,48.8534,2.3488,3.1000000000000227,98,100,3.09,FR,Paris
332,faliraki,36.3398,28.1994,13.980000000000018,78,40,7.72,GR,Faliraki
333,hamilton,39.1834,-84.5333,5.0,64,0,3.09,US,Hamilton
334,tres lagoas,-20.7511,-51.6783,21.850000000000023,95,100,3.93,BR,Três Lagoas
335,kayangel,8.0823,134.7173,27.74000000000001,80,100,7.75,PW,Kayangel
336,puerto santa,-8.9906,-78.6456,22.120000000000005,80,93,3.89,PE,Puerto Santa
337,sinop,41.7711,34.8709,-2.9699999999999704,97,100,0.97,TR,Sinop Province
338,saint-francois,46.4154,3.9054,-1.3100000000000023,94,100,1.54,FR,Saint-François
339,plettenberg bay,-34.0527,23.3716,19.160000000000025,90,23,2.87,ZA,Plettenberg Bay
340,ed damer,17.5928,33.9592,23.220000000000027,59,4,5.06,SD,Ed Damer
341,polyarnyy,69.1989,33.4478,-16.20999999999998,88,100,8.25,RU,Polyarny
342,katsuren-haebaru,26.3369,127.8719,14.210000000000036,46,75,6.17,JP,Katsuren-haebaru
343,tual,-5.6667,132.75,27.03000000000003,83,100,8.47,ID,Tual
344,marovoay,-16.1,46.6333,23.210000000000036,96,100,1.14,MG,Marovoay
345,lagoa,39.05,-27.9833,15.800000000000011,93,100,10.82,PT,Lagoa
346,muzo,5.5353,-74.1078,21.379999999999995,98,98,1.04,CO,Muzo
347,kudahuvadhoo,2.6708,72.8944,27.230000000000018,70,15,4.43,MV,Kudahuvadhoo
348,seydi,39.4816,62.9137,3.82000000000005,46,12,4.03,TM,Seydi
349,whakatane,-37.9585,176.9854,23.620000000000005,85,88,3.13,NZ,Whakatane
350,yarmouth,41.7057,-70.2286,1.1100000000000136,52,0,11.18,US,Yarmouth
351,slave lake,55.2834,-114.769,-28.00999999999999,69,0,0.0,CA,Slave Lake
352,mary,37.0,62.5,5.4500000000000455,54,0,3.15,TM,Mary
353,verkhnevilyuysk,63.4453,120.3167,-37.14999999999998,100,90,1.56,RU,Verkhnevilyuysk
354,woolgoolga,-30.1106,153.2007,27.189999999999998,73,100,2.58,AU,Woolgoolga
355,sinabang,2.4803,96.3801,26.060000000000002,82,81,0.86,ID,Sinabang
356,murzuq,25.9155,13.9184,15.740000000000009,34,100,3.77,LY,Murzuk
357,porto novo,6.4965,2.6036,27.430000000000007,78,53,2.93,BJ,Porto-Novo
358,villamontes,-21.25,-63.5,26.27000000000004,34,0,0.89,BO,Villamontes
359,lillehammer,61.1146,10.4674,2.7800000000000296,99,100,4.59,NO,Lillehammer
360,yelizovo,53.1873,158.3805,-3.919999999999959,58,40,4.0,RU,Yelizovo
361,tarawa,1.419,172.984,26.640000000000043,83,63,8.5,KI,Tarawa
362,fatehabad,29.5167,75.45,8.990000000000009,43,0,2.94,IN,Fatehābād
363,smirnykh,49.75,142.8333,-3.1200000000000045,79,100,6.84,RU,Smirnykh
364,golere,16.2557,-14.1017,20.470000000000027,12,64,4.85,SN,Goléré
365,mabaruma,8.2,-59.7833,22.160000000000025,98,32,1.03,GY,Mabaruma
366,las heras,-46.5419,-68.9359,19.610000000000014,15,2,5.59,AR,Las Heras
367,panauti,27.5814,85.5124,9.180000000000007,87,20,1.54,NP,Panauti̇̄
368,kimbe,-5.5502,150.1429,25.80000000000001,89,100,2.04,PG,Kimbe
369,yen bai,21.7,104.8667,11.78000000000003,79,100,0.84,VN,Yen Bai
370,tuban,-6.8976,112.0649,26.79000000000002,86,100,4.79,ID,Tuban
371,nyala,12.05,24.8833,22.110000000000014,20,4,6.86,SD,Nyala
372,weno,7.4515,151.8468,28.970000000000027,79,100,4.63,FM,Weno
373,kourou,5.1552,-52.6478,24.310000000000002,90,100,2.54,GF,Kourou
374,jogbani,26.4167,87.25,13.770000000000039,66,8,1.51,IN,Jogbani
375,grand baie,-20.0182,57.5802,26.360000000000014,92,8,3.86,MU,Grand Baie
376,ola,59.5833,151.2833,-24.869999999999976,81,13,2.77,RU,Ola
377,mohgaon,21.65,78.7167,20.590000000000032,45,54,2.07,IN,Mohgaon
378,kosh-agach,50.0,88.6667,-33.079999999999984,100,94,1.17,RU,Kosh-Agach
379,harper,4.375,-7.7169,26.480000000000018,84,62,2.55,LR,Harper
380,beyneu,45.3167,55.2,-2.089999999999975,85,95,3.75,KZ,Beyneu
381,tionk essil,12.7856,-16.5217,22.129999999999995,15,100,3.98,SN,Tionk Essil
382,gebeit,21.0667,36.3167,16.900000000000034,91,14,1.52,SD,Gebeit
383,port macquarie,-31.4333,152.9167,28.370000000000005,70,89,2.68,AU,Port Macquarie
384,jwaneng,-24.6004,24.7303,23.58000000000004,45,1,3.94,BW,Jwaneng
385,tura,25.5198,90.2201,14.660000000000025,67,75,1.31,IN,Tura
386,lerik,38.7726,48.4128,2.400000000000034,63,80,0.75,AZ,Lerik
387,maun,-19.9833,23.4167,24.720000000000027,58,51,2.1,BW,Maun
388,bykovo,55.6361,38.0803,-2.1499999999999773,80,0,4.0,RU,Bykovo
389,mulchen,-37.7167,-72.2333,20.29000000000002,38,22,1.45,CL,Mulchén
390,kasaragod,12.5,75.0,21.450000000000045,94,37,2.19,IN,Kāsaragod
391,cockburn town,21.4612,-71.1419,24.879999999999995,68,15,7.84,TC,Cockburn Town
392,kruisfontein,-34.0033,24.7314,20.660000000000025,82,70,4.95,ZA,Kruisfontein
393,hithadhoo,-0.6,73.0833,27.620000000000005,68,7,4.73,MV,Hithadhoo
394,korla,41.7597,86.1469,-8.060000000000002,72,100,3.34,CN,Korla
395,lorengau,-2.0226,147.2712,29.720000000000027,68,100,2.91,PG,Lorengau
396,edgewater,28.9889,-80.9023,21.05000000000001,91,40,2.06,US,Edgewater
397,ojinaga,29.5667,-104.4167,30.53000000000003,8,0,1.54,MX,Ojinaga
398,thunder bay,48.4001,-89.3168,-16.46999999999997,86,59,3.14,CA,Thunder Bay
399,coahuayana de hidalgo,18.7,-103.6583,27.27000000000004,67,0,2.32,MX,Coahuayana de Hidalgo
400,flin flon,54.7682,-101.865,-20.889999999999986,90,18,3.9,CA,Flin Flon
401,liwale,-9.7667,37.9333,21.33000000000004,99,100,1.97,TZ,Liwale
402,payakumbuh,-0.2202,100.6308,20.689999999999998,97,100,0.62,ID,Payakumbuh
403,lanark,55.6737,-3.7817,4.07000000000005,94,53,6.37,GB,Lanark
404,ewo,-0.8725,14.8206,24.83000000000004,73,100,1.47,CG,Ewo
405,cabedelo,-6.9811,-34.8339,25.710000000000036,85,100,6.03,BR,Cabedelo
406,arauca,7.0847,-70.7591,28.980000000000018,61,40,1.03,CO,Arauca
407,kerrville,30.0474,-99.1403,24.920000000000016,63,40,4.63,US,Kerrville
408,myskhako,44.6714,37.7433,-0.8700000000000045,65,24,1.0,RU,Myskhako
409,ravenna,44.4167,11.9833,3.830000000000041,75,0,2.15,IT,Provincia di Ravenna
410,kalmunai,7.4167,81.8167,24.03000000000003,83,61,3.19,LK,Kalmunai
411,bhadra,29.1167,75.1667,11.480000000000018,25,0,3.59,IN,Bhādra
412,kalianget,-7.05,113.9333,26.760000000000048,83,90,5.07,ID,Kalianget
413,hadibu,12.65,54.0333,21.410000000000025,71,38,5.05,YE,Hadibu
414,kingston,17.997,-76.7936,25.650000000000034,77,99,2.32,JM,Kingston
415,laojunmiao,39.8333,97.7333,-14.079999999999984,70,93,1.24,CN,Laojunmiao
416,abilene,32.4487,-99.7331,13.430000000000007,59,100,3.09,US,Abilene
417,kaffrine,14.1059,-15.5508,20.930000000000007,10,100,4.2,SN,Kaffrine
418,byron bay,-28.65,153.6167,24.939999999999998,75,100,0.96,AU,Byron Bay
419,fonte boa,-2.4959,-66.2662,25.54000000000002,81,100,0.76,BR,Fonte Boa
420,puerto penasco,31.3167,-113.5333,23.99000000000001,66,0,6.69,MX,Puerto Peñasco
421,achit,56.7985,57.8994,-9.5,93,100,1.82,RU,Achit
422,adiake,5.2863,-3.304,26.49000000000001,83,27,2.19,CI,Adiaké
423,tahe,52.3333,124.7333,-33.52999999999997,100,60,0.95,CN,Tahe
424,zwolen,51.3554,21.5877,2.180000000000007,85,78,2.23,PL,Zwoleń
425,vorkuta,67.5,64.0,-16.25,93,93,3.12,RU,Vorkuta
426,borovichi,58.3878,33.9155,-16.839999999999975,98,42,0.94,RU,Borovichi
427,hammerfest,70.6634,23.6821,-8.75,73,100,8.23,NO,Hammerfest
428,nadi,-17.8,177.4167,28.08000000000004,78,100,1.42,FJ,Nadi
429,tripoli,32.8752,13.1875,13.82000000000005,75,52,2.9,LY,Tripoli
430,mount isa,-20.7333,139.5,28.870000000000005,65,100,2.06,AU,Mount Isa
431,luwuk,-0.9516,122.7875,25.390000000000043,83,100,0.97,ID,Luwuk
432,belek,36.8628,31.0556,10.28000000000003,80,86,8.72,TR,Belek
433,envira,-7.3,-70.2167,23.150000000000034,98,95,0.85,BR,Envira
434,idfu,24.9803,32.8747,17.55000000000001,37,85,5.38,EG,Idfu
435,nguigmi,14.2495,13.1092,20.620000000000005,18,3,5.09,NE,Nguigmi
436,khost,33.3395,69.9204,5.230000000000018,45,19,2.28,AF,Khōst
437,san mariano,7.5,126.0,22.0,96,100,1.04,PH,San Mariano
438,terme,41.2092,36.9739,3.57000000000005,74,100,1.78,TR,Terme
439,kirakira,-10.4544,161.9205,29.55000000000001,71,92,4.48,SB,Kirakira
440,la ronge,55.1001,-105.2842,-21.119999999999976,93,51,3.03,CA,La Ronge
441,zyryanovsk,49.7386,84.2719,-26.299999999999983,100,40,0.78,KZ,Zyryanovsk
442,henderson,36.0397,-114.9819,26.010000000000048,16,0,11.32,US,Henderson
443,birjand,32.8663,59.2211,2.680000000000007,34,5,1.98,IR,Birjand
444,lazaro cardenas,17.9583,-102.2,27.120000000000005,66,0,2.63,MX,Lázaro Cárdenas
445,santander,43.4647,-3.8044,6.6200000000000045,81,0,1.79,ES,Santander
446,halifax,44.6453,-63.5724,-3.6399999999999864,76,66,5.06,CA,Halifax
447,caleta de carquin,-11.0925,-77.6267,22.53000000000003,79,70,4.05,PE,Caleta de Carquín
448,zhengjiatun,43.5064,123.5064,-22.299999999999983,89,8,2.69,CN,Zhengjiatun
449,vylkove,45.4021,29.586,-0.9199999999999591,79,9,3.44,UA,Vylkove
450,mena,51.5217,32.2157,-3.079999999999984,79,81,3.81,UA,Mena
451,khandyga,62.6667,135.6,-43.559999999999974,98,51,0.56,RU,Khandyga
452,tofol,5.3248,163.0078,27.879999999999995,89,100,7.2,FM,Tofol
453,bartica,6.4,-58.6167,22.640000000000043,91,40,1.64,GY,Bartica
454,garissa,-0.4536,39.6401,23.379999999999995,75,30,2.73,KE,Garissa
455,abra pampa,-22.7205,-65.697,14.640000000000043,48,6,7.54,AR,Abra Pampa
456,spring creek,40.7266,-115.5859,14.830000000000041,31,56,4.47,US,Spring Creek
457,xinyuan,37.3,99.0,-13.349999999999966,40,96,3.22,CN,Xinyuan
458,rice lake,45.5061,-91.7382,-12.819999999999993,52,40,1.54,US,Rice Lake
459,bowen,-20.0167,148.2333,26.860000000000014,82,100,3.62,AU,Bowen
460,betio village,1.358,172.9211,26.600000000000023,83,67,8.5,KI,Betio Village
461,lensk,60.7253,114.9278,-32.829999999999984,99,100,1.74,RU,Lensk
462,midvagur,62.0511,-7.1939,4.460000000000036,75,75,5.66,FO,Miðvágur
463,viedma,-40.8135,-62.9967,18.420000000000016,44,6,5.99,AR,Viedma
464,saint-joseph,-21.3667,55.6167,25.210000000000036,81,98,1.12,RE,Saint-Joseph
465,brisas de zicatela,15.8369,-97.0419,29.29000000000002,70,40,2.57,MX,Brisas de Zicatela
466,chillan,-36.6066,-72.1034,23.180000000000007,35,0,4.12,CL,Chillán
467,bandarbeyla,9.4942,50.8122,21.700000000000045,73,30,7.53,SO,Bandarbeyla
468,barra,-11.0894,-43.1417,27.54000000000002,46,29,2.46,BR,Barra
469,port-vila,-17.7338,168.3219,28.78000000000003,74,75,2.57,VU,Port-Vila
470,alta,69.9689,23.2717,-9.409999999999968,74,20,12.96,NO,Alta
471,xinyu,27.8043,114.9334,5.689999999999998,69,25,1.26,CN,Xinyu
472,fougamou,-1.2154,10.5838,24.08000000000004,98,92,1.05,GA,Fougamou
473,karoi,-16.8099,29.6925,18.810000000000002,95,85,2.79,ZW,Karoi
474,timimoun,29.2639,0.231,13.010000000000048,36,0,4.82,DZ,Timimoun
475,bhattarai danda,27.8828,83.9314,13.57000000000005,29,34,2.04,NP,Bhattarai Danda
476,touros,-5.1989,-35.4608,26.02000000000004,83,94,5.1,BR,Touros
477,clodomira,-27.5744,-64.1311,35.19,23,1,4.91,AR,Clodomira
478,cobija,-11.0267,-68.7692,23.400000000000034,94,92,1.06,BO,Cobija
479,praia da vitoria,38.7333,-27.0667,15.620000000000005,96,100,6.36,PT,Praia da Vitória
480,huarmey,-10.0681,-78.1522,22.939999999999998,78,97,3.8,PE,Huarmey
481,poltavka,54.3663,71.7632,-9.399999999999977,98,99,0.32,RU,Poltavka
482,orcopampa,-15.2661,-72.3417,9.140000000000043,80,97,3.35,PE,Orcopampa
483,khulm,36.6974,67.6983,5.650000000000034,61,32,3.15,AF,Khulm
484,cardigan,52.0847,-4.6591,7.160000000000025,83,1,5.07,GB,Cardigan
485,khorixas,-20.3667,14.9667,22.02000000000004,78,100,3.52,NA,Khorixas
486,labuan,5.2767,115.2417,25.610000000000014,94,64,3.68,MY,Labuan
487,taikang,46.8333,124.4167,-31.44999999999999,96,24,0.97,CN,Taikang
488,djibo,14.1022,-1.6306,22.439999999999998,13,69,5.79,BF,Djibo
489,irkutsk,52.2978,104.2964,-14.569999999999993,72,75,10.0,RU,Irkutsk
490,chachapoyas,-6.2317,-77.869,13.82000000000005,95,94,0.76,PE,Chachapoyas
491,sulmona,42.0479,13.9291,4.210000000000036,74,0,0.58,IT,Sulmona
492,taulaga,-11.0553,-171.0883,28.560000000000002,66,7,5.22,AS,Taulaga
493,ancud,-41.8697,-73.8203,15.080000000000041,74,16,0.14,CL,Ancud
494,lethem,3.3803,-59.7968,28.54000000000002,59,75,5.43,GY,Lethem
495,muhos,64.808,25.9931,-10.569999999999993,91,98,6.09,FI,Muhos
496,bikenibeu village,1.3673,173.1241,26.560000000000002,83,65,8.54,KI,Bikenibeu Village
497,rohru,31.2167,77.75,5.28000000000003,79,63,1.91,IN,Rohru
498,sanming,26.2486,117.6186,5.300000000000011,71,0,0.7,CN,Sanming
499,fernie,49.5,-115.0687,-18.279999999999973,85,100,2.9,CA,Fernie
500,roma,43.2128,-75.4557,-5.919999999999959,86,100,4.12,US,Rome
501,san diego,32.7153,-117.1573,18.010000000000048,69,20,4.63,US,San Diego
502,filadelfia,39.9523,-75.1638,4.980000000000018,41,0,6.17,US,Philadelphia
503,neftegorsk,52.802,51.166,-6.439999999999998,87,100,4.5,RU,Neftegorsk
504,opuwo,-18.0607,13.84,20.180000000000007,86,100,1.49,NA,Opuwo
505,misrikh,27.45,80.5167,16.49000000000001,65,44,3.64,IN,Misrikh
506,nagqu,31.5,92.0,-7.349999999999966,26,3,0.45,CN,Nagqu Prefecture
507,karratha,-20.7377,116.8463,30.700000000000045,66,54,1.39,AU,Karratha
508,plastun,44.7561,136.2939,-13.889999999999986,56,99,7.33,RU,Plastun
509,belmonte,-15.8631,-38.8828,25.230000000000018,84,24,3.13,BR,Belmonte
510,botou,38.0667,116.5667,-7.599999999999966,34,1,1.02,CN,Botou
511,nizhniy odes,63.6445,54.856,-10.439999999999998,96,98,3.33,RU,Nizhniy Odes
512,kyabe,9.4515,18.9449,27.710000000000036,15,73,1.71,TD,Kyabé
513,as sulayyil,20.4607,45.5779,12.689999999999998,21,25,3.31,SA,As Sulayyil
514,dalnegorsk,44.5604,135.5701,-17.589999999999975,77,89,5.45,RU,Dalnegorsk
515,sambava,-14.2667,50.1667,23.980000000000018,93,100,2.45,MG,Sambava
516,ryotsu-minato,38.0833,138.4333,-1.4599999999999795,68,96,11.72,JP,Ryōtsu-minato
517,namtsy,62.7161,129.6658,-42.68999999999997,100,60,1.02,RU,Namtsy
518,toliara,-23.35,43.6667,24.439999999999998,77,16,5.67,MG,Toliara
519,morada nova,-5.1067,-38.3725,25.689999999999998,75,100,2.97,BR,Morada Nova
520,hastings,50.8552,0.5729,8.210000000000036,89,99,5.24,GB,Hastings
521,rokytne,51.2796,27.214,-2.7199999999999704,86,96,2.14,UA,Rokytne
522,tashla,51.7716,52.7427,-8.769999999999982,86,100,4.28,RU,Tashla
523,pyhajarvi,67.0701,27.2176,-18.059999999999974,93,100,3.95,FI,Pyhäjärvi
524,posto fiscal rolim de moura,-13.0833,-62.2667,23.980000000000018,96,99,1.1,BR,Pôsto Fiscal Rolim de Moura
525,gamba,-2.65,10.0,25.720000000000027,91,92,2.49,GA,Gamba
526,okhotsk,59.3833,143.3,-26.96999999999997,84,67,4.35,RU,Okhotsk
527,new norfolk,-42.7826,147.0587,18.730000000000018,39,15,1.37,AU,New Norfolk
528,sacaba,20.5833,-89.9833,27.879999999999995,42,14,3.06,MX,Sacaba
529,sinan,34.8262,126.1086,-1.5,62,99,8.74,KR,Sinan
530,la tuque,47.4334,-72.7824,-16.21999999999997,83,100,5.25,CA,La Tuque
531,kiunga,-6.1219,141.2906,30.460000000000036,61,86,1.16,PG,Kiunga
532,acapulco de juarez,16.8634,-99.8901,28.900000000000034,74,0,3.6,MX,Acapulco de Juárez
533,acton vale,45.6501,-72.5658,-12.829999999999984,84,100,4.62,CA,Acton Vale
534,debre birhan,9.6833,39.5333,7.760000000000048,35,30,2.38,ET,Debre Birhan
535,carloforte,39.145,8.3058,12.170000000000016,80,29,2.44,IT,Carloforte
536,justiniano posse,-32.8841,-62.6779,34.879999999999995,22,33,7.48,AR,Justiniano Posse
537,igarka,67.4667,86.5833,-22.379999999999967,85,90,4.4,RU,Igarka
538,brookings,44.3114,-96.7984,-13.299999999999955,65,0,6.17,US,Brookings
539,peniche,39.3558,-9.3811,10.25,90,26,2.18,PT,Peniche
540,montecompatri,41.8089,12.7378,5.910000000000025,83,0,1.34,IT,Monte Compatri
541,arteche,12.2645,125.4048,25.960000000000036,84,93,3.31,PH,Arteche
542,pervari,37.9357,42.5493,3.7700000000000387,53,100,2.76,TR,Pervari
543,moorhead,46.8739,-96.7676,-14.989999999999952,64,75,3.09,US,Moorhead
544,bubaque,11.2833,-15.8333,25.510000000000048,53,100,6.99,GW,Bubaque
545,kotma,23.2,81.9667,17.02000000000004,54,100,0.5,IN,Kotma
546,panjakent,39.4952,67.6093,3.1899999999999977,61,93,0.9,TJ,Panjakent
547,severo-yeniseyskiy,60.3725,93.0408,-26.129999999999967,100,95,0.87,RU,Severo-Yeniseyskiy
548,phra phutthabat,14.7253,100.7954,23.360000000000014,71,39,2.08,TH,Phra Phutthabat
549,fisterra,42.9049,-9.2629,12.400000000000034,74,90,2.02,ES,Finisterra
550,richards bay,-28.783,32.0377,25.53000000000003,79,14,6.59,ZA,Richards Bay
551,port arthur,38.8,121.2667,-9.879999999999995,52,92,9.06,CN,Lüshunkou
552,aykhal,66.0,111.5,-32.16999999999999,87,99,1.86,RU,Aykhal
553,smara,26.7384,-11.6719,12.370000000000005,81,0,3.28,EH,Smara
554,volda,62.1476,6.0741,6.150000000000034,87,100,1.03,NO,Volda
555,levin,-40.6333,175.275,19.82000000000005,68,54,3.03,NZ,Levin
556,pangkalanbuun,-2.6833,111.6167,24.890000000000043,91,96,1.24,ID,Pangkalanbuun
557,masterton,-40.9597,175.6575,22.689999999999998,34,27,2.49,NZ,Masterton
558,silver city,32.7701,-108.2803,21.480000000000018,12,0,4.12,US,Silver City
559,guacamayas,18.0167,-102.2167,26.879999999999995,64,0,2.62,MX,Guacamayas
560,bandar-e lengeh,26.5579,54.8807,17.08000000000004,55,0,2.48,IR,Bandar-e Lengeh
561,north platte,41.1239,-100.7654,-5.899999999999977,61,100,5.36,US,North Platte
562,baissa,7.2333,10.6333,24.510000000000048,22,42,0.75,NG,Baissa
563,quatre cocos,-20.2078,57.7625,26.160000000000025,84,7,2.46,MU,Quatre Cocos
564,salinopolis,-0.6136,-47.3561,25.52000000000004,88,88,4.15,BR,Salinópolis
565,boguchany,58.3814,97.4531,-23.669999999999987,100,76,1.33,RU,Boguchany
566,kabalo,-6.05,26.9167,20.900000000000034,97,100,0.27,CD,Kabalo
567,chimoio,-19.1164,33.4833,18.80000000000001,99,100,0.95,MZ,Chimoio
568,farkhor,37.4922,69.4036,3.650000000000034,51,30,1.94,TJ,Farkhor
569,shubarshi,48.5872,57.1869,-12.659999999999968,90,90,3.63,KZ,Shubarshi
570,hanceville,34.0607,-86.7675,19.560000000000002,94,100,0.51,US,Hanceville
571,bengkulu,-3.8004,102.2655,24.03000000000003,87,100,1.57,ID,Bengkulu
572,onega,63.9061,38.1404,-23.339999999999975,99,35,1.47,RU,Onega
573,bunia,1.5667,30.25,19.129999999999995,49,76,0.67,CD,Bunia
574,piggs peak,-25.9667,31.25,18.460000000000036,96,100,0.74,SZ,Piggs Peak
575,cabo san lucas,22.8909,-109.9124,25.170000000000016,35,0,5.66,MX,Cabo San Lucas
